log_id,site,plot,position,ants,treatment,plot_id,tree_r,cnpy_cov,cnpy_prop,host_abund,host_rich,par_abund,par_rich,ant_trap,ant_pres,cwd_vol,cwd_vol_imp,ant_w_occ,wantoc_imp,mc_mass,mc_imp,geomorph,geo_cat
w4_a.c32_G.D,A,C32,G,A,G,A_C32,2,92.17,0.9217,0,0,0,0,1,1,0.4820869,0.4820869,12,12,0.314078914,0.314078914,Hollow,3
w4_a.c32_S.D.A,A,C32,S,A,A,A_C32,2,92.17,0.9217,6,2,2,1,0,0,0.4820869,0.4820869,12,12,0.06221735,0.06221735,Hollow,3
w4_a.c32_S.D.nA,A,C32,S,nA,nA,A_C32,2,92.17,0.9217,0,0,0,0,0,0,0.4820869,0.4820869,12,12,0.111085973,0.111085973,Hollow,3
w4_a.e31_G.D,A,E31,G,A,G,A_E31,1,90.86,0.9086,1,1,0,0,0,0,0.3367017,0.3367017,35,35,0.137852823,0.137852823,Spur,1
w4_a.e31_S.D.A,A,E31,S,A,A,A_E31,1,90.86,0.9086,22,2,1,1,0,0,0.3367017,0.3367017,35,35,0.108712217,0.108712217,Spur,1
w4_a.e31_S.D.nA,A,E31,S,nA,nA,A_E31,1,90.86,0.9086,37,3,5,2,0,0,0.3367017,0.3367017,35,35,0.117870722,0.117870722,Spur,1
w4_a.e33_G.D,A,E33,G,A,G,A_E33,1,79.24,0.7924,5,2,0,0,0,0,0.1057311,0.1057311,25,25,0.313047891,0.313047891,Hollow,3
w4_a.e33_S.D.A,A,E33,S,A,A,A_E33,1,79.24,0.7924,29,3,6,2,0,0,0.1057311,0.1057311,25,25,0.199536142,0.199536142,Hollow,3
w4_a.e33_S.D.nA,A,E33,S,nA,nA,A_E33,1,79.24,0.7924,38,4,0,0,0,0,0.1057311,0.1057311,25,25,0.15727003,0.15727003,Hollow,3
w4_a.e34_G.D,A,E34,G,A,G,A_E34,1,30.26,0.3026,3,1,0,0,484,1,0.4415837,0.4415837,23,23,0.229358369,0.229358369,Hollow,3
w4_a.e34_S.D.A,A,E34,S,A,A,A_E34,1,30.26,0.3026,57,4,0,0,58,1,0.4415837,0.4415837,23,23,0.162757841,0.162757841,Hollow,3
w4_a.e34_S.D.nA,A,E34,S,nA,nA,A_E34,1,30.26,0.3026,35,3,1,1,0,0,0.4415837,0.4415837,23,23,0.112106689,0.112106689,Hollow,3
w4_a.f21_G.D,A,F21,G,A,G,A_F21,1,60.57,0.6057,0,0,0,0,0,0,0.12169,0.12169,17,17,0.207457264,0.207457264,Slope,2
w4_a.f21_S.D.A,A,F21,S,A,A,A_F21,1,60.57,0.6057,39,4,5,2,0,0,0.12169,0.12169,17,17,0.129467414,0.129467414,Slope,2
w4_a.f21_S.D.nA,A,F21,S,nA,nA,A_F21,1,60.57,0.6057,11,3,0,0,0,0,0.12169,0.12169,17,17,0.063217192,0.063217192,Slope,2
w4_a.f27_G.D,A,F27,G,A,G,A_F27,4,67.42,0.6742,4,1,0,0,0,0,0.1253713,0.1253713,30,30,0.170254403,0.170254403,Slope,2
w4_a.f27_S.D.A,A,F27,S,A,A,A_F27,4,67.42,0.6742,17,2,1,1,0,0,0.1253713,0.1253713,30,30,0.10046729,0.10046729,Slope,2
w4_a.f27_S.D.nA,A,F27,S,nA,nA,A_F27,4,67.42,0.6742,17,3,1,1,0,0,0.1253713,0.1253713,30,30,0.110723627,0.110723627,Slope,2
w4_a.g24_G.D,A,G24,G,A,G,A_G24,1,49.82,0.4982,3,1,0,0,104,1,0.0732436,0.0732436,13,13,0.399157606,0.399157606,Slope,2
w4_a.g24_S.D.A,A,G24,S,A,A,A_G24,1,49.82,0.4982,26,2,0,0,0,0,0.0732436,0.0732436,13,13,0.145116984,0.145116984,Slope,2
w4_a.g24_S.D.nA,A,G24,S,nA,nA,A_G24,1,49.82,0.4982,12,4,0,0,0,0,0.0732436,0.0732436,13,13,0.118458164,0.118458164,Slope,2
w4_a.h31_G.D,A,H31,G,A,G,A_H31,2,87.79,0.8779,0,0,0,0,13,1,0.0211266,0.0211266,19,19,0.482342808,0.482342808,Slope,2
w4_a.h31_S.D.A,A,H31,S,A,A,A_H31,2,87.79,0.8779,21,2,5,1,0,0,0.0211266,0.0211266,19,19,0.115005398,0.115005398,Slope,2
w4_a.h31_S.D.nA,A,H31,S,nA,nA,A_H31,2,87.79,0.8779,0,0,0,0,0,0,0.0211266,0.0211266,19,19,0.12037979,0.12037979,Slope,2
w4_a.i27_G.D,A,I27,G,A,G,A_I27,2,24.6,0.246,0,0,0,0,0,0,0.0078914,0.0078914,6,6,0.283908755,0.283908755,Ridge,1
w4_a.i27_S.D.A,A,I27,S,A,A,A_I27,2,24.6,0.246,5,4,2,1,0,0,0.0078914,0.0078914,6,6,0.075683639,0.075683639,Ridge,1
w4_a.i27_S.D.nA,A,I27,S,nA,nA,A_I27,2,24.6,0.246,0,0,0,0,0,0,0.0078914,0.0078914,6,6,0.079806625,0.079806625,Ridge,1
w4_a.i28_G.D,A,I28,G,A,G,A_I28,1,39.45,0.3945,3,2,0,0,0,0,0.0282363,0.0282363,13,13,0.267015981,0.267015981,Ridge,1
w4_a.i28_S.D.A,A,I28,S,A,A,A_I28,1,39.45,0.3945,3,2,0,0,0,0,0.0282363,0.0282363,13,13,0.104472229,0.104472229,Ridge,1
w4_a.i28_S.D.nA,A,I28,S,nA,nA,A_I28,1,39.45,0.3945,5,1,0,0,0,0,0.0282363,0.0282363,13,13,0.077455785,0.077455785,Ridge,1
w4_a.j21_G.D,A,J21,G,A,G,A_J21,2,88.62,0.8862,8,4,4,1,6,1,0.081425,0.081425,16,16,0.188276205,0.188276205,Slope,2
w4_a.j21_S.D.A,A,J21,S,A,A,A_J21,2,88.62,0.8862,2,2,2,2,2,1,0.081425,0.081425,16,16,0.142098274,0.142098274,Slope,2
w4_a.j21_S.D.nA,A,J21,S,nA,nA,A_J21,2,88.62,0.8862,2,1,4,1,0,0,0.081425,0.081425,16,16,0.11484522,0.11484522,Slope,2
w4_a.k19_G.D,A,K19,G,A,G,A_K19,1,84.28,0.8428,10,2,1,1,0,0,0.1560194,0.1560194,7,7,0.197275748,0.197275748,Spur,1
w4_a.k19_S.D.A,A,K19,S,A,A,A_K19,1,84.28,0.8428,11,2,1,1,0,0,0.1560194,0.1560194,7,7,0.121076974,0.121076974,Spur,1
w4_a.k19_S.D.nA,A,K19,S,nA,nA,A_K19,1,84.28,0.8428,3,1,0,0,0,0,0.1560194,0.1560194,7,7,0.103963084,0.103963084,Spur,1
w4_a.L10_G.D,A,L10,G,A,G,A_L10,1,92.3,0.923,0,0,0,0,0,0,0.0960963,0.0960963,10,10,0.53081914,0.53081914,Slope,2
w4_a.L10_S.D.A,A,L10,S,A,A,A_L10,1,92.3,0.923,17,2,1,1,0,0,0.0960963,0.0960963,10,10,0.227479068,0.227479068,Slope,2
w4_a.L10_S.D.nA,A,L10,S,nA,nA,A_L10,1,92.3,0.923,11,1,0,0,0,0,0.0960963,0.0960963,10,10,0.158202876,0.158202876,Slope,2
w4_a.L11_G.D,A,L11,G,A,G,A_L11,1,93.16,0.9316,0,0,0,0,0,0,0.4190164,0.4190164,20,20,0.384028593,0.384028593,Slope,2
w4_a.L11_S.D.A,A,L11,S,A,A,A_L11,1,93.16,0.9316,12,4,6,2,0,0,0.4190164,0.4190164,20,20,0.166458385,0.166458385,Slope,2
w4_a.L11_S.D.nA,A,L11,S,nA,nA,A_L11,1,93.16,0.9316,10,1,0,0,0,0,0.4190164,0.4190164,20,20,0.18005282,0.18005282,Slope,2
w4_a.L22_G.D,A,L22,G,A,G,A_L22,16,91.33,0.9133,5,2,1,1,0,0,0.1841645,0.1841645,3,3,0.284385215,0.284385215,Ridge,1
w4_a.L22_S.D.A,A,L22,S,A,A,A_L22,16,91.33,0.9133,2,1,1,1,0,0,0.1841645,0.1841645,3,3,0.100080494,0.100080494,Ridge,1
w4_a.L22_S.D.nA,A,L22,S,nA,nA,A_L22,16,91.33,0.9133,4,2,1,1,0,0,0.1841645,0.1841645,3,3,0.080293995,0.080293995,Ridge,1
w4_a.n11_G.D,A,N11,G,A,G,A_N11,1,2.3,0.023,1,1,0,0,0,0,0.0198994,0.0198994,8,8,0.224728188,0.224728188,Spur,1
w4_a.n11_S.D.A,A,N11,S,A,A,A_N11,1,2.3,0.023,19,3,0,0,0,0,0.0198994,0.0198994,8,8,0.13546798,0.13546798,Spur,1
w4_a.n11_S.D.nA,A,N11,S,nA,nA,A_N11,1,2.3,0.023,22,5,0,0,0,0,0.0198994,0.0198994,8,8,0.109610877,0.109610877,Spur,1
w4_a.n13_G.D,A,N13,G,A,G,A_N13,1,33.81,0.3381,0,0,0,0,0,0,0.1302511,0.1302511,8,8,0.390589621,0.390589621,Slope,2
w4_a.n13_S.D.A,A,N13,S,A,A,A_N13,1,33.81,0.3381,2,1,1,1,0,0,0.1302511,0.1302511,8,8,0.263623596,0.263623596,Slope,2
w4_a.n13_S.D.nA,A,N13,S,nA,nA,A_N13,1,33.81,0.3381,5,1,0,0,283,1,0.1302511,0.1302511,8,8,0.417237878,0.417237878,Slope,2
w4_a.n17_G.D,A,N17,G,A,G,A_N17,1,27.22,0.2722,1,1,0,0,6,1,0,0,NA,8,0.264315871,0.264315871,Slope,2
w4_a.n17_S.D.A,A,N17,S,A,A,A_N17,1,27.22,0.2722,0,0,0,0,0,0,0,0,NA,8,0.288056206,0.288056206,Slope,2
w4_a.n17_S.D.nA,A,N17,S,nA,nA,A_N17,1,27.22,0.2722,11,1,0,0,0,0,0,0,NA,8,0.145945387,0.145945387,Slope,2
w4_a.n8_G.D,A,N8,G,A,G,A_N8,4,93.57,0.9357,0,0,0,0,0,0,0,0,22,22,0.400298973,0.400298973,Spur,1
w4_a.n8_S.D.A,A,N8,S,A,A,A_N8,4,93.57,0.9357,2,2,0,0,0,0,0,0,22,22,0.143845987,0.143845987,Spur,1
w4_a.n8_S.D.nA,A,N8,S,nA,nA,A_N8,4,93.57,0.9357,2,1,3,2,0,0,0,0,22,22,0.117041199,0.117041199,Spur,1
w4_a.n9_G.D,A,N9,G,A,G,A_N9,24,92.15,0.9215,2,1,0,0,0,0,0.1093382,0.1093382,17,17,0.509253028,0.509253028,Spur,1
w4_a.n9_S.D.A,A,N9,S,A,A,A_N9,24,92.15,0.9215,13,3,0,0,420,1,0.1093382,0.1093382,17,17,0.109170946,0.109170946,Spur,1
w4_a.n9_S.D.nA,A,N9,S,nA,nA,A_N9,24,92.15,0.9215,5,3,3,2,295,1,0.1093382,0.1093382,17,17,0.120138889,0.120138889,Spur,1
w4_a.o22_G.D,A,O22,G,A,G,A_O22,1,83.02,0.8302,0,0,0,0,0,0,0.3994453,0.3994453,17,17,0.201079742,0.201079742,Hollow,3
w4_a.o22_S.D.A,A,O22,S,A,A,A_O22,1,83.02,0.8302,0,0,0,0,0,0,0.3994453,0.3994453,17,17,0.265760507,0.265760507,Hollow,3
w4_a.o22_S.D.nA,A,O22,S,nA,nA,A_O22,1,83.02,0.8302,22,3,5,3,0,0,0.3994453,0.3994453,17,17,0.165967757,0.165967757,Hollow,3
w4_a.o27_G.D,A,O27,G,A,G,A_O27,1,79,0.79,0,0,0,0,0,0,0.0976425,0.0976425,17,17,0.301725393,0.301725393,Slope,2
w4_a.o27_S.D.A,A,O27,S,A,A,A_O27,1,79,0.79,52,1,0,0,0,0,0.0976425,0.0976425,17,17,0.076609105,0.076609105,Slope,2
w4_a.o27_S.D.nA,A,O27,S,nA,nA,A_O27,1,79,0.79,41,2,0,0,0,0,0.0976425,0.0976425,17,17,0.111336348,0.111336348,Slope,2
w4_a.p19_G.D,A,P19,G,A,G,A_P19,4,85.06,0.8506,0,0,0,0,0,0,0.3616256,0.3616256,13,13,0.536827477,0.536827477,Spur,1
w4_a.p19_S.D.A,A,P19,S,A,A,A_P19,4,85.06,0.8506,4,1,0,0,0,0,0.3616256,0.3616256,13,13,0.071704784,0.071704784,Spur,1
w4_a.p19_S.D.nA,A,P19,S,nA,nA,A_P19,4,85.06,0.8506,2,1,0,0,0,0,0.3616256,0.3616256,13,13,0.116252335,0.116252335,Spur,1
w4_a.p23_G.D,A,P23,G,A,G,A_P23,2,89.14,0.8914,3,3,0,0,2,1,0.5883841,0.5883841,15,15,0.771972458,0.771972458,Slope,2
w4_a.p23_S.D.A,A,P23,S,A,A,A_P23,2,89.14,0.8914,2,2,0,0,0,0,0.5883841,0.5883841,15,15,0.138754263,0.138754263,Slope,2
w4_a.p23_S.D.nA,A,P23,S,nA,nA,A_P23,2,89.14,0.8914,8,2,0,0,0,0,0.5883841,0.5883841,15,15,0.13761525,0.13761525,Slope,2
w4_a.p26_G.D,A,P26,G,A,G,A_P26,2,85.74,0.8574,0,0,0,0,0,0,0.0043573,0.0043573,14,14,0.265596919,0.265596919,Spur,1
w4_a.p26_S.D.A,A,P26,S,A,A,A_P26,2,85.74,0.8574,4,1,3,1,1,1,0.0043573,0.0043573,14,14,0.101871102,0.101871102,Spur,1
w4_a.p26_S.D.nA,A,P26,S,nA,nA,A_P26,2,85.74,0.8574,2,1,1,1,0,0,0.0043573,0.0043573,14,14,0.076624978,0.076624978,Spur,1
w4_a.q21_G.D,A,Q21,G,A,G,A_Q21,2,79.57,0.7957,0,0,0,0,0,0,0,0,24,24,0.395280612,0.395280612,Slope,2
w4_a.q21_S.D.A,A,Q21,S,A,A,A_Q21,2,79.57,0.7957,5,1,4,1,0,0,0,0,24,24,0.162375353,0.162375353,Slope,2
w4_a.q21_S.D.nA,A,Q21,S,nA,nA,A_Q21,2,79.57,0.7957,11,2,1,1,0,0,0,0,24,24,0.119154388,0.119154388,Slope,2
w4_a.q9_G.D,A,Q9,G,A,G,A_Q9,2,47.51,0.4751,0,0,0,0,0,0,0.0608476,0.0608476,20,20,0.46128,0.46128,Hollow,3
w4_a.q9_S.D.A,A,Q9,S,A,A,A_Q9,2,47.51,0.4751,4,2,2,1,1,1,0.0608476,0.0608476,20,20,0.231532809,0.231532809,Hollow,3
w4_a.q9_S.D.nA,A,Q9,S,nA,nA,A_Q9,2,47.51,0.4751,2,1,0,0,0,0,0.0608476,0.0608476,20,20,0.249253731,0.249253731,Hollow,3
w4_a.r14_G.D,A,R14,G,A,G,A_R14,1,88.36,0.8836,0,0,0,0,0,0,0.3990953,0.3990953,6,6,0.224796017,0.224796017,Slope,2
w4_a.r14_S.D.A,A,R14,S,A,A,A_R14,1,88.36,0.8836,3,2,0,0,636,1,0.3990953,0.3990953,6,6,0.160076227,0.160076227,Slope,2
w4_a.r14_S.D.nA,A,R14,S,nA,nA,A_R14,1,88.36,0.8836,18,4,4,1,0,0,0.3990953,0.3990953,6,6,0.302042802,0.302042802,Slope,2
w4_a.s10_G.D,A,S10,G,A,G,A_S10,8,91.45,0.9145,7,2,0,0,1,1,0.4784792,0.4784792,21,21,0.287936164,0.287936164,Slope,2
w4_a.s10_S.D.A,A,S10,S,A,A,A_S10,8,91.45,0.9145,7,1,0,0,0,0,0.4784792,0.4784792,21,21,0.176413065,0.176413065,Slope,2
w4_a.s10_S.D.nA,A,S10,S,nA,nA,A_S10,8,91.45,0.9145,2,1,0,0,0,0,0.4784792,0.4784792,21,21,0.226289271,0.226289271,Slope,2
w4_a.t15_G.D,A,T15,G,A,G,A_T15,8,90.32,0.9032,2,2,0,0,0,0,0.1433145,0.1433145,11,11,0.380674518,0.380674518,Spur,1
w4_a.t15_S.D.A,A,T15,S,A,A,A_T15,8,90.32,0.9032,2,2,0,0,0,0,0.1433145,0.1433145,11,11,0.126661521,0.126661521,Spur,1
w4_a.t15_S.D.nA,A,T15,S,nA,nA,A_T15,8,90.32,0.9032,2,1,4,1,0,0,0.1433145,0.1433145,11,11,0.129138499,0.129138499,Spur,1
w4_a.wx12_G.D,A,W12/X12,G,A,G,A_W12/X12,4,88.29,0.8829,1,1,0,0,2,1,0.2553425,0.2553425,19,19,0.39792564,0.39792564,Hollow,3
w4_a.wx12_S.D.A,A,W12/X12,S,A,A,A_W12/X12,4,88.29,0.8829,5,1,2,1,1,1,0.2553425,0.2553425,19,19,0.223300971,0.223300971,Hollow,3
w4_a.wx12_S.D.nA,A,W12/X12,S,nA,nA,A_W12/X12,4,88.29,0.8829,14,2,0,0,0,0,0.2553425,0.2553425,19,19,0.192998571,0.192998571,Hollow,3
w4_a.w14_G.D,A,W14,G,A,G,A_W14,1,88.03,0.8803,0,0,0,0,0,0,0.1797093,0.1797093,10,10,0.376081048,0.376081048,Hollow,3
w4_a.w14_S.D.A,A,W14,S,A,A,A_W14,1,88.03,0.8803,20,1,2,2,0,0,0.1797093,0.1797093,10,10,0.324633943,0.324633943,Hollow,3
w4_a.w14_S.D.nA,A,W14,S,nA,nA,A_W14,1,88.03,0.8803,7,1,2,1,0,0,0.1797093,0.1797093,10,10,0.193722817,0.193722817,Hollow,3
w4_b.d29_G.D,B,D29,G,A,G,B_D29,1,82.42,0.8242,0,0,0,0,0,0,NA,0.266299818,NA,6,NA,0.731379619,Hollow,3
w4_b.d29_S.D.A,B,D29,S,A,A,B_D29,1,82.42,0.8242,0,0,0,0,0,0,NA,0.266299818,NA,6,NA,0.450002471,Hollow,3
w4_b.d29_S.D.nA,B,D29,S,nA,nA,B_D29,1,82.42,0.8242,10,3,2,1,0,0,NA,0.266299818,NA,6,NA,0.467305193,Hollow,3
w4_b.g28_G.D,B,G28,G,A,G,B_G28,2,84.01,0.8401,0,0,0,0,0,0,1.0404481,1.0404481,24,24,0.731776077,0.731776077,Slope,2
w4_b.g28_S.D.A,B,G28,S,A,A,B_G28,2,84.01,0.8401,6,3,0,0,0,0,1.0404481,1.0404481,24,24,0.226244903,0.226244903,Slope,2
w4_b.g28_S.D.nA,B,G28,S,nA,nA,B_G28,2,84.01,0.8401,1,1,0,0,0,0,1.0404481,1.0404481,24,24,0.24826081,0.24826081,Slope,2
w4_b.i25_G.D,B,I25,G,A,G,B_I25,1,59.77,0.5977,0,0,0,0,0,0,0.1033429,0.1033429,4,4,0.802896538,0.802896538,Ridge,1
w4_b.i25_S.D.A,B,I25,S,A,A,B_I25,1,59.77,0.5977,3,2,0,0,0,0,0.1033429,0.1033429,4,4,0.353209877,0.353209877,Ridge,1
w4_b.i25_S.D.nA,B,I25,S,nA,nA,B_I25,1,59.77,0.5977,7,1,0,0,0,0,0.1033429,0.1033429,4,4,0.292750346,0.292750346,Ridge,1
w4_b.j29_G.D,B,J29,G,A,G,B_J29,8,64.96,0.6496,0,0,0,0,0,0,0.8891556,0.8891556,21,21,0.486350831,0.486350831,Ridge,1
w4_b.j29_S.D.A,B,J29,S,A,A,B_J29,8,64.96,0.6496,0,0,0,0,0,0,0.8891556,0.8891556,21,21,0.206393009,0.206393009,Ridge,1
w4_b.j29_S.D.nA,B,J29,S,nA,nA,B_J29,8,64.96,0.6496,1,1,0,0,0,0,0.8891556,0.8891556,21,21,0.222925554,0.222925554,Ridge,1
w4_b.m22_G.D,B,M22,G,A,G,B_M22,4,26.37,0.2637,0,0,0,0,0,0,0.5799948,0.5799948,25,25,NA,0.642125252,Ridge,1
w4_b.m22_S.D.A,B,M22,S,A,A,B_M22,4,26.37,0.2637,0,0,0,0,0,0,0.5799948,0.5799948,25,25,0.338985006,0.338985006,Ridge,1
w4_b.m22_S.D.nA,B,M22,S,nA,nA,B_M22,4,26.37,0.2637,2,2,0,0,0,0,0.5799948,0.5799948,25,25,NA,0.36632872,Ridge,1
w4_b.m24_G.D,B,M24,G,A,G,B_M24,2,78.41,0.7841,4,2,0,0,0,0,0.2509594,0.2509594,12,12,NA,0.584238876,Slope,2
w4_b.m24_S.D.A,B,M24,S,A,A,B_M24,2,78.41,0.7841,0,0,0,0,0,0,0.2509594,0.2509594,12,12,0.21531819,0.21531819,Slope,2
w4_b.m24_S.D.nA,B,M24,S,nA,nA,B_M24,2,78.41,0.7841,1,1,0,0,0,0,0.2509594,0.2509594,12,12,0.313674994,0.313674994,Slope,2
w4_b.m29_G.D,B,M29,G,A,G,B_M29,2,19.21,0.1921,0,0,0,0,1,1,1.6794755,1.6794755,18,18,0.768763797,0.768763797,Ridge,1
w4_b.m29_S.D.A,B,M29,S,A,A,B_M29,2,19.21,0.1921,4,2,0,0,0,0,1.6794755,1.6794755,18,18,0.224607843,0.224607843,Ridge,1
w4_b.m29_S.D.nA,B,M29,S,nA,nA,B_M29,2,19.21,0.1921,4,2,2,1,0,0,1.6794755,1.6794755,18,18,0.221096389,0.221096389,Ridge,1
w4_b.m7_G.D,B,M7,G,A,G,B_M7,1,1.49,0.0149,0,0,0,0,0,0,0.3248852,0.3248852,6,6,0.573661122,0.573661122,Slope,2
w4_b.m7_S.D.A,B,M7,S,A,A,B_M7,1,1.49,0.0149,0,0,0,0,0,0,0.3248852,0.3248852,6,6,0.384847689,0.384847689,Slope,2
w4_b.m7_S.D.nA,B,M7,S,nA,nA,B_M7,1,1.49,0.0149,3,1,0,0,0,0,0.3248852,0.3248852,6,6,0.396639566,0.396639566,Slope,2
w4_b.n28_G.D,B,N28,G,A,G,B_N28,1,47.12,0.4712,0,0,0,0,0,0,NA,0.024999732,17,17,NA,0.609954241,Ridge,1
w4_b.n28_S.D.A,B,N28,S,A,A,B_N28,1,47.12,0.4712,0,0,0,0,0,0,NA,0.024999732,17,17,NA,0.319694891,Ridge,1
w4_b.n28_S.D.nA,B,N28,S,nA,nA,B_N28,1,47.12,0.4712,0,0,0,0,0,0,NA,0.024999732,17,17,NA,0.335039389,Ridge,1
w4_b.n5_G.D,B,N5,G,A,G,B_N5,1,0,0,0,0,0,0,0,0,0.0052094,0.0052094,12,12,0.740627109,0.740627109,Slope,2
w4_b.n5_S.D.A,B,N5,S,A,A,B_N5,1,0,0,14,3,0,0,0,0,0.0052094,0.0052094,12,12,0.2170258,0.2170258,Slope,2
w4_b.n5_S.D.nA,B,N5,S,nA,nA,B_N5,1,0,0,15,4,0,0,0,0,0.0052094,0.0052094,12,12,0.432053848,0.432053848,Slope,2
w4_b.o27_G.D,B,O27,G,A,G,B_O27,2,74.57,0.7457,1,1,0,0,0,0,0.0190729,0.0190729,7,7,0.604929121,0.604929121,Slope,2
w4_b.o27_S.D.A,B,O27,S,A,A,B_O27,2,74.57,0.7457,4,2,1,1,62,1,0.0190729,0.0190729,7,7,0.293888456,0.293888456,Slope,2
w4_b.o27_S.D.nA,B,O27,S,nA,nA,B_O27,2,74.57,0.7457,0,0,0,0,0,0,0.0190729,0.0190729,7,7,0.28088035,0.28088035,Slope,2
w4_b.o31_G.D,B,O31,G,A,G,B_O31,4,86.59,0.8659,0,0,0,0,0,0,0.7910511,0.7910511,8,8,0.10323808,0.10323808,Slope,2
w4_b.o31_S.D.A,B,O31,S,A,A,B_O31,4,86.59,0.8659,1,1,0,0,0,0,0.7910511,0.7910511,8,8,0.535526316,0.535526316,Slope,2
w4_b.o31_S.D.nA,B,O31,S,nA,nA,B_O31,4,86.59,0.8659,0,0,0,0,0,0,0.7910511,0.7910511,8,8,0.520620893,0.520620893,Slope,2
w4_b.q17_G.D,B,Q17,G,A,G,B_Q17,8,79.91,0.7991,0,0,0,0,0,0,0.0968114,0.0968114,NA,19,0.595721424,0.595721424,Ridge,1
w4_b.q17_S.D.A,B,Q17,S,A,A,B_Q17,8,79.91,0.7991,0,0,0,0,0,0,0.0968114,0.0968114,NA,19,0.352348168,0.352348168,Ridge,1
w4_b.q17_S.D.nA,B,Q17,S,nA,nA,B_Q17,8,79.91,0.7991,4,2,1,1,0,0,0.0968114,0.0968114,NA,19,0.355350066,0.355350066,Ridge,1
w4_b.q27_G.D,B,Q27,G,A,G,B_Q27,1,64.54,0.6454,0,0,0,0,0,0,0.0335622,0.0335622,10,10,0.862637709,0.862637709,Slope,2
w4_b.q27_S.D.A,B,Q27,S,A,A,B_Q27,1,64.54,0.6454,1,1,0,0,0,0,0.0335622,0.0335622,10,10,0.467083008,0.467083008,Slope,2
w4_b.q27_S.D.nA,B,Q27,S,nA,nA,B_Q27,1,64.54,0.6454,0,0,0,0,0,0,0.0335622,0.0335622,10,10,0.703417335,0.703417335,Slope,2
w4_b.q29_G.D,B,Q29,G,A,G,B_Q29,1,89.33,0.8933,1,1,1,1,1,1,0.1189457,0.1189457,7,7,1.006072874,0.9999,Valley,3
w4_b.q29_S.D.A,B,Q29,S,A,A,B_Q29,1,89.33,0.8933,4,1,1,1,0,0,0.1189457,0.1189457,7,7,0.496971604,0.496971604,Valley,3
w4_b.q29_S.D.nA,B,Q29,S,nA,nA,B_Q29,1,89.33,0.8933,8,3,4,2,0,0,0.1189457,0.1189457,7,7,0.665809957,0.665809957,Valley,3
w4_b.r29_G.D,B,R29,G,A,G,B_R29,1,73.6,0.736,2,2,0,0,0,0,0.148011,0.148011,17,17,0.705689278,0.705689278,Slope,2
w4_b.r29_S.D.A,B,R29,S,A,A,B_R29,1,73.6,0.736,0,0,0,0,316,1,0.148011,0.148011,17,17,0.697682626,0.697682626,Slope,2
w4_b.r29_S.D.nA,B,R29,S,nA,nA,B_R29,1,73.6,0.736,0,0,0,0,939,1,0.148011,0.148011,17,17,0.485153973,0.485153973,Slope,2
w4_b.r3_G.D,B,R3,G,A,G,B_R3,4,63.37,0.6337,2,1,0,0,0,0,0.2597367,0.2597367,22,22,0.595801938,0.595801938,Slope,2
w4_b.r3_S.D.A,B,R3,S,A,A,B_R3,4,63.37,0.6337,5,3,0,0,0,0,0.2597367,0.2597367,22,22,0.322145368,0.322145368,Slope,2
w4_b.r3_S.D.nA,B,R3,S,nA,nA,B_R3,4,63.37,0.6337,2,1,1,1,0,0,0.2597367,0.2597367,22,22,0.468235294,0.468235294,Slope,2
w4_b.s18_G.D,B,S18,G,A,G,B_S18,4,30.97,0.3097,0,0,0,0,0,0,0.0075361,0.0075361,18,18,0.744880375,0.744880375,Slope,2
w4_b.s18_S.D.A,B,S18,S,A,A,B_S18,4,30.97,0.3097,1,1,1,1,0,0,0.0075361,0.0075361,18,18,0.325611326,0.325611326,Slope,2
w4_b.s18_S.D.nA,B,S18,S,nA,nA,B_S18,4,30.97,0.3097,0,0,0,0,0,0,0.0075361,0.0075361,18,18,0.377175267,0.377175267,Slope,2
w4_b.s22_G.D,B,S22,G,A,G,B_S22,16,68.53,0.6853,0,0,0,0,12,1,0.0109085,0.0109085,20,20,0.817171788,0.817171788,Hollow,3
w4_b.s22_S.D.A,B,S22,S,A,A,B_S22,16,68.53,0.6853,21,2,0,0,0,0,0.0109085,0.0109085,20,20,0.308934681,0.308934681,Hollow,3
w4_b.s22_S.D.nA,B,S22,S,nA,nA,B_S22,16,68.53,0.6853,19,2,0,0,0,0,0.0109085,0.0109085,20,20,0.569331432,0.569331432,Hollow,3
w4_b.t13_G.D,B,T13,G,A,G,B_T13,1,38.9,0.389,2,1,0,0,0,0,0.008855,0.008855,17,17,NA,0.57657207,Spur,1
w4_b.t13_S.D.A,B,T13,S,A,A,B_T13,1,38.9,0.389,10,4,5,1,0,0,0.008855,0.008855,17,17,0.241608678,0.241608678,Spur,1
w4_b.t13_S.D.nA,B,T13,S,nA,nA,B_T13,1,38.9,0.389,0,0,0,0,0,0,0.008855,0.008855,17,17,NA,0.304940122,Spur,1
w4_b.t29_G.D,B,T29,G,A,G,B_T29,1,42.2,0.422,0,0,0,0,0,0,0.0056028,0.0056028,5,5,0.439616102,0.439616102,Valley,3
w4_b.t29_S.D.A,B,T29,S,A,A,B_T29,1,42.2,0.422,0,0,1,1,0,0,0.0056028,0.0056028,5,5,0.784786642,0.784786642,Valley,3
w4_b.t29_S.D.nA,B,T29,S,nA,nA,B_T29,1,42.2,0.422,0,0,0,0,0,0,0.0056028,0.0056028,5,5,0.627154634,0.627154634,Valley,3
w4_b.t8_G.D,B,T8,G,A,G,B_T8,24,74.82,0.7482,0,0,0,0,7,1,0.1233742,0.1233742,16,16,0.742695035,0.742695035,Hollow,3
w4_b.t8_S.D.A,B,T8,S,A,A,B_T8,24,74.82,0.7482,4,3,0,0,52,1,0.1233742,0.1233742,16,16,0.58677034,0.58677034,Hollow,3
w4_b.t8_S.D.nA,B,T8,S,nA,nA,B_T8,24,74.82,0.7482,3,1,0,0,0,0,0.1233742,0.1233742,16,16,0.440979035,0.440979035,Hollow,3
w4_b.u16_G.D,B,U16,G,A,G,B_U16,1,20.9,0.209,0,0,0,0,12,1,0.3816626,0.3816626,9,9,NA,0.558192193,Summit,1
w4_b.u16_S.D.A,B,U16,S,A,A,B_U16,1,20.9,0.209,0,0,0,0,0,0,0.3816626,0.3816626,9,9,0.217725364,0.217725364,Summit,1
w4_b.u16_S.D.nA,B,U16,S,nA,nA,B_U16,1,20.9,0.209,0,0,0,0,0,0,0.3816626,0.3816626,9,9,NA,0.28930308,Summit,1
w4_b.u27_G.D,B,U27,G,A,G,B_U27,2,8.48,0.0848,0,0,0,0,0,0,0.0218472,0.0218472,5,5,0.769262073,0.769262073,Spur,1
w4_b.u27_S.D.A,B,U27,S,A,A,B_U27,2,8.48,0.0848,3,1,1,1,0,0,0.0218472,0.0218472,5,5,0.355785838,0.355785838,Spur,1
w4_b.u27_S.D.nA,B,U27,S,nA,nA,B_U27,2,8.48,0.0848,3,2,2,1,0,0,0.0218472,0.0218472,5,5,0.256351305,0.256351305,Spur,1
w4_b.v15_G.D,B,V15,G,A,G,B_V15,2,25.54,0.2554,0,0,0,0,0,0,NA,0.724503414,12,12,NA,0.672633439,Slope,2
w4_b.v15_S.D.A,B,V15,S,A,A,B_V15,2,25.54,0.2554,1,1,0,0,0,0,NA,0.724503414,12,12,NA,0.38173885,Slope,2
w4_b.v15_S.D.nA,B,V15,S,nA,nA,B_V15,2,25.54,0.2554,0,0,0,0,0,0,NA,0.724503414,12,12,NA,0.39831771,Slope,2
w4_b.v19_G.D,B,V19,G,A,G,B_V19,2,30.06,0.3006,0,0,0,0,0,0,0.3229521,0.3229521,21,21,0.672923058,0.672923058,Slope,2
w4_b.v19_S.D.A,B,V19,S,A,A,B_V19,2,30.06,0.3006,0,0,1,1,0,0,0.3229521,0.3229521,21,21,0.347078675,0.347078675,Slope,2
w4_b.v19_S.D.nA,B,V19,S,nA,nA,B_V19,2,30.06,0.3006,2,1,0,0,0,0,0.3229521,0.3229521,21,21,0.467145422,0.467145422,Slope,2
w4_b.v23_G.D,B,V23,G,A,G,B_V23,2,79.9,0.799,0,0,0,0,1,1,0.0910906,0.0910906,12,12,0.708295247,0.708295247,Ridge,1
w4_b.v23_S.D.A,B,V23,S,A,A,B_V23,2,79.9,0.799,2,1,0,0,0,0,0.0910906,0.0910906,12,12,0.390243902,0.390243902,Ridge,1
w4_b.v23_S.D.nA,B,V23,S,nA,nA,B_V23,2,79.9,0.799,7,2,5,2,0,0,0.0910906,0.0910906,12,12,0.656318681,0.656318681,Ridge,1
w4_b.v24_G.D,B,V24,G,A,G,B_V24,1,31.14,0.3114,0,0,0,0,0,0,0.7233502,0.7233502,21,21,0.697578348,0.697578348,Slope,2
w4_b.v24_S.D.A,B,V24,S,A,A,B_V24,1,31.14,0.3114,4,2,0,0,0,0,0.7233502,0.7233502,21,21,0.48553719,0.48553719,Slope,2
w4_b.v24_S.D.nA,B,V24,S,nA,nA,B_V24,1,31.14,0.3114,5,2,0,0,0,0,0.7233502,0.7233502,21,21,0.507833518,0.507833518,Slope,2
w4_b.w10_G.D,B,W10,G,A,G,B_W10,1,20.4,0.204,12,2,0,0,0,0,0.0110613,0.0110613,9,9,0.453764001,0.453764001,Ridge,1
w4_b.w10_S.D.A,B,W10,S,A,A,B_W10,1,20.4,0.204,25,4,4,2,0,0,0.0110613,0.0110613,9,9,0.385028969,0.385028969,Ridge,1
w4_b.w10_S.D.nA,B,W10,S,nA,nA,B_W10,1,20.4,0.204,11,3,0,0,0,0,0.0110613,0.0110613,9,9,0.476442545,0.476442545,Ridge,1
w4_b.w11_G.D,B,W11,G,A,G,B_W11,1,53.4,0.534,1,1,1,1,0,0,0.0935007,0.0935007,18,18,0.676225311,0.676225311,Ridge,1
w4_b.w11_S.D.A,B,W11,S,A,A,B_W11,1,53.4,0.534,0,0,0,0,0,0,0.0935007,0.0935007,18,18,0.471116816,0.471116816,Ridge,1
w4_b.w11_S.D.nA,B,W11,S,nA,nA,B_W11,1,53.4,0.534,1,1,0,0,0,0,0.0935007,0.0935007,18,18,0.409583887,0.409583887,Ridge,1
w4_b.x21_G.D,B,X21,G,A,G,B_X21,1,42.1,0.421,0,0,0,0,0,0,0,0,17,17,0.689661416,0.689661416,Slope,2
w4_b.x21_S.D.A,B,X21,S,A,A,B_X21,1,42.1,0.421,1,1,5,4,0,0,0,0,17,17,0.219481842,0.219481842,Slope,2
w4_b.x21_S.D.nA,B,X21,S,nA,nA,B_X21,1,42.1,0.421,4,2,0,0,0,0,0,0,17,17,0.222949016,0.222949016,Slope,2
w4_b.y9_G.D,B,Y9,G,A,G,B_Y9,1,44.9,0.449,0,0,0,0,0,0,NA,0.206054584,13,13,NA,0.635175423,Slope,2
w4_b.y9_S.D.A,B,Y9,S,A,A,B_Y9,1,44.9,0.449,9,2,1,1,0,0,NA,0.206054584,13,13,NA,0.343483309,Slope,2
w4_b.y9_S.D.nA,B,Y9,S,nA,nA,B_Y9,1,44.9,0.449,4,2,1,1,0,0,NA,0.206054584,13,13,NA,0.359366449,Slope,2
